{"d":"d","E":"ccc","EEEE":"cccc","LLL":"LLL","LLLL":"LLLL","M":"L","Md":"d.M","MEd":"EEE, d.M","MMM":"LLL","MMMd":"d בMMM","MMMEd":"EEE, d בMMM","MMMM":"LLLL","MMMMd":"MMMM d","MMMMEEEEd":"EEEE, d בMMMM","QQQ":"QQQ","QQQQ":"QQQQ","y":"y","yM":"M.y","yMd":"d.M.y","yMEd":"EEE, d.M.y","yMMM":"MMM y","yMMMd":"d בMMM y","yMMMEd":"EEE, d בMMM y","yMMMM":"MMMM y","yMMMMd":"d בMMMM y","yMMMMEEEEd":"EEEE, d בMMMM y","yQQQ":"QQQ y","yQQQQ":"QQQQ y","H":"H","Hm":"H:mm","Hms":"H:mm:ss","j":"H","jm":"H:mm","jms":"H:mm:ss","jmv":"HH:mm v","jmz":"HH:mm z","jz":"H z","m":"m","ms":"mm:ss","s":"s","v":"v","z":"z","zzzz":"zzzz","ZZZZ":"ZZZZ"}